Workbook

Sheet Podsumowanie
A1: KALKULATOR ROI BioTC — BTC Consulting
A2: Model finansowy | Wersja 1.0 | Maj 2026 | Zrodlo: kod JavaScript symulatora biotc.pl
A4: PARAMETRY WEJSCIOWE (zolty = do edycji)
A5: Objetosc mulu (t/rok) | B5: V | C5: 10000 | D5: Masa odwodnionego osadu rocznie; lub V = RLM x 0.1
A6: Ekwiwalent mieszkancow (RLM) | B6: RLM | C6: =B6*10 | D6: Automatycznie: RLM = V x 10
A7: Grant UE (%) | B7: G | C7: 0.75 | D7: Udzial bezzwrotnego dofinansowania EU w CapEx (domyslnie 75%)
A8: Cena gruntu (EUR/100m2 = sotka) | B8: P_land | C8: 5000 | D8: Tylko dla scenariusza Pola Osadowe
A10: OBLICZENIA CAPEX
A11: CapEx calkowity | B11: =B6*250 | D11: Formula: V x 250 EUR/(t/rok)
A12: Kwota grantu UE | B12: =B11*(B7) | D12: CapEx x G%
A13: Wklad wlasny miasta | B13: =B11-B12 | C13: =B11-B12 | D13: CapEx x (1 - G%)
A15: POROWNIANIE SCENARIUSZY (obliczenia szczegolowe na oddzielnych arkuszach)
A16: Scenariusz | B16: Lacze oszczednosci (EUR/rok) | C16: Aktywo gruntowe (EUR) | D16: ROI (lata) | E16: Arkusz
A17: Pola Osadowe | B17: ='Pola Osadowe'!B20 | C17: ='Pola Osadowe'!B22 | D17: ='Pola Osadowe'!B25 | E17: Pola Osadowe
A18: Wirowanie+Rolnicze | B18: ='Wirowanie+Rolnicze'!B20 | C18: — | D18: ='Wirowanie+Rolnicze'!B25 | E18: Wirowanie+Rolnicze
A19: Kompostowanie | B19: ='Kompostowanie'!B20 | C19: — | D19: ='Kompostowanie'!B25 | E19: Kompostowanie
A20: Suszenie+Spalanie | B20: ='Suszenie+Spalanie'!B20 | C20: — | D20: ='Suszenie+Spalanie'!B25 | E20: Suszenie+Spalanie
A21: Skladowisko | B21: ='Skladowisko'!B20 | C21: — | D21: ='Skladowisko'!B25 | E21: Skladowisko
A23: LEGENDA KOLOROW: Niebieski tekst = dane wejsciowe | Czarny tekst = formuly | Zielony = linki do arkuszy | Zolte tlo = do edycji

Sheet Pola Osadowe
A1: SCENARIUSZ: POLA OSADOWE
A2: Parametry wejsciowe przenoszone z arkusza PODSUMOWANIE (zolta komorka = do edycji lokalnie)
A4: PARAMETRY | B4: Wartosc | C4: Jednostka
A5: Objetosc mulu (V) | B5: =Podsumowanie!B6 | C5: t/rok
A6: Grant UE (G) | B6: =Podsumowanie!B7 | C6: %
A7: Cena gruntu (P_land) | B7: =Podsumowanie!B8 | C7: EUR/sotka
A9: PARAMETRY SCENARIUSZA | B9: Domyslnie | C9: EUR/t
A10: Utylizacja i wywoz mulu (f1) | B10: 60 | C10: EUR/t
A11: Rekultywacja terenu (f2) | B11: 30 | C11: EUR/t
A13: OBLICZENIA | B13: Wartosc | C13: Zrodlo formuly
A14: CapEx calkowity (EUR) | B14: =B5*250 | C14: V x 250 EUR/(t/rok)
A15: Kwota grantu UE (EUR) | B15: =B14*B6 | C15: CapEx x G%
A16: Wklad wlasny miasta (EUR) | B16: =B14-B15 | C16: CapEx - Grant
A18: Oszczednosci f1 (EUR/rok) | B18: =B5*B10 | C18: Utylizacja i wywoz mulu (f1)
A19: Oszczednosci f2 (EUR/rok) | B19: =B5*B11 | C19: Rekultywacja terenu (f2)
A20: LACZE OSZCZEDNOSCI (EUR/rok) | B20: =B17+B18 | C20: Suma oszczednosci
A21: Powierzchnia zwolniona (m2) | B21: =B5*1.5 | C21: V x 1.5 m2/t (norma)
A22: Wartosc gruntu (EUR) | B22: =B5*1.5*B8/100 | C22: Pow. x Cena/sotka / 100
A24: ROI — WYNIK | B24: Wartosc | C24: Formula
A25: ROI (link dla arkusza Podsumowanie) | B25: =B25 | C25: (Wklad - Grunt) / Oszczednosci

Sheet Wirowanie+Rolnicze
A1: SCENARIUSZ: WIROWANIE+ROLNICZE
A2: Parametry wejsciowe przenoszone z arkusza PODSUMOWANIE (zolta komorka = do edycji lokalnie)
A4: PARAMETRY | B4: Wartosc | C4: Jednostka
A5: Objetosc mulu (V) | B5: =Podsumowanie!B6 | C5: t/rok
A6: Grant UE (G) | B6: =Podsumowanie!B7 | C6: %
A8: PARAMETRY SCENARIUSZA | B8: Domyslnie | C8: EUR/t
A9: Flokulatory / chemia (f1) | B9: 40 | C9: EUR/t
A10: Logistyka na pola (f2) | B10: 30 | C10: EUR/t
A12: OBLICZENIA | B12: Wartosc | C12: Zrodlo formuly
A13: CapEx calkowity (EUR) | B13: =B5*250 | C13: V x 250 EUR/(t/rok)
A14: Kwota grantu UE (EUR) | B14: =B13*B6 | C14: CapEx x G%
A15: Wklad wlasny miasta (EUR) | B15: =B13-B14 | C15: CapEx - Grant
A17: Oszczednosci f1 (EUR/rok) | B17: =B5*B9 | C17: Flokulatory / chemia (f1)
A18: Oszczednosci f2 (EUR/rok) | B18: =B5*0.8*B10 | C18: Logistyka na pola (f2)
A19: LACZE OSZCZEDNOSCI (EUR/rok) | B19: =B16+B17 | C19: Suma oszczednosci
A22: ROI — WYNIK | B22: Wartosc | C22: Formula
A23: ROI (lata) | B23: =IF(B19<=0,"brak danych",IF((B15-0)<=0,"Natychmiastowy!",(B15-0)/B19)) | C23: (Wklad - Grunt) / Oszczednosci
A25: ROI (link dla arkusza Podsumowanie) | B25: =B23

Sheet Kompostowanie
A1: SCENARIUSZ: KOMPOSTOWANIE
A2: Parametry wejsciowe przenoszone z arkusza PODSUMOWANIE (zolta komorka = do edycji lokalnie)
A4: PARAMETRY | B4: Wartosc | C4: Jednostka
A5: Objetosc mulu (V) | B5: =Podsumowanie!B6 | C5: t/rok
A6: Grant UE (G) | B6: =Podsumowanie!B7 | C6: %
A8: PARAMETRY SCENARIUSZA | B8: Domyslnie | C8: EUR/t
A9: Zrebki / strukturyzator (f1) | B9: 35 | C9: EUR/t
A10: Koszty operacyjne (f2) | B10: 20 | C10: EUR/t
A12: OBLICZENIA | B12: Wartosc | C12: Zrodlo formuly
A13: CapEx calkowity (EUR) | B13: =B5*250 | C13: V x 250 EUR/(t/rok)
A14: Kwota grantu UE (EUR) | B14: =B13*B6 | C14: CapEx x G%
A15: Wklad wlasny miasta (EUR) | B15: =B13-B14 | C15: CapEx - Grant
A17: Oszczednosci f1 (EUR/rok) | B17: =B5*B9 | C17: Zrebki / strukturyzator (f1)
A18: Oszczednosci f2 (EUR/rok) | B18: =B5*B10 | C18: Koszty operacyjne (f2)
A19: LACZE OSZCZEDNOSCI (EUR/rok) | B19: =B16+B17 | C19: Suma oszczednosci
A22: ROI — WYNIK | B22: Wartosc | C22: Formula
A23: ROI (lata) | B23: =IF(B19<=0,"brak danych",IF((B15-0)<=0,"Natychmiastowy!",(B15-0)/B19)) | C23: (Wklad - Grunt) / Oszczednosci
A25: ROI (link dla arkusza Podsumowanie) | B25: =B23

Sheet Suszenie+Spalanie
A1: SCENARIUSZ: SUSZENIE+SPALANIE
A2: Parametry wejsciowe przenoszone z arkusza PODSUMOWANIE (zolta komorka = do edycji lokalnie)
A4: PARAMETRY | B4: Wartosc | C4: Jednostka
A5: Objetosc mulu (V) | B5: =Podsumowanie!B6 | C5: t/rok
A6: Grant UE (G) | B6: =Podsumowanie!B7 | C6: %
A8: PARAMETRY SCENARIUSZA | B8: Domyslnie | C8: EUR/t
A9: Gaz / energia do suszarki (f1) | B9: 80 | C9: EUR/t
A10: Gate Fee spalarni (f2) EUR/t suchej | B10: 120 | C10: EUR/t suchej m.
A12: OBLICZENIA | B12: Wartosc | C12: Zrodlo formuly
A13: CapEx calkowity (EUR) | B13: =B5*250 | C13: V x 250 EUR/(t/rok)
A14: Kwota grantu UE (EUR) | B14: =B13*B6 | C14: CapEx x G%
A15: Wklad wlasny miasta (EUR) | B15: =B13-B14 | C15: CapEx - Grant
A17: Oszczednosci f1 (EUR/rok) | B17: =B5*B9 | C17: Gaz / energia do suszarki (f1)
A18: Oszczednosci f2 (EUR/rok) | B18: =B5*0.2*B10 | C18: Gate Fee spalarni (f2) EUR/t suchej
A19: Dochod f3 biogaz (EUR/rok) | B19: =B5*0.1*160 | C19: V x 0.1 MWh/t x 160 EUR/MWh
A20: LACZE OSZCZEDNOSCI (EUR/rok) | B20: =B16+B17+B18 | C20: Suma oszczednosci
A23: ROI — WYNIK | B23: Wartosc | C23: Formula
A24: ROI (lata) | B24: =IF(B20<=0,"brak danych",IF((B15-0)<=0,"Natychmiastowy!",(B15-0)/B20)) | C24: (Wklad - Grunt) / Oszczednosci
A25: ROI (link dla arkusza Podsumowanie) | B25: =B24

Sheet Skladowisko
A1: SCENARIUSZ: SKLADOWISKO
A2: Parametry wejsciowe przenoszone z arkusza PODSUMOWANIE (zolta komorka = do edycji lokalnie)
A4: PARAMETRY | B4: Wartosc | C4: Jednostka
A5: Objetosc mulu (V) | B5: =Podsumowanie!B6 | C5: t/rok
A6: Grant UE (G) | B6: =Podsumowanie!B7 | C6: %
A8: PARAMETRY SCENARIUSZA | B8: Domyslnie | C8: EUR/t
A9: Podatek ekologiczny (f1) | B9: 50 | C9: EUR/t
A12: OBLICZENIA | B12: Wartosc | C12: Zrodlo formuly
A13: CapEx calkowity (EUR) | B13: =B5*250 | C13: V x 250 EUR/(t/rok)
A14: Kwota grantu UE (EUR) | B14: =B13*B6 | C14: CapEx x G%
A15: Wklad wlasny miasta (EUR) | B15: =B13-B14 | C15: CapEx - Grant
A17: Oszczednosci f1 (EUR/rok) | B17: =B5*B9 | C17: Podatek ekologiczny (f1)
A18: LACZE OSZCZEDNOSCI (EUR/rok) | B18: =B16 | C18: Suma oszczednosci
A21: ROI — WYNIK | B21: Wartosc | C21: Formula
A22: ROI (lata) | B22: =IF(B18<=0,"brak danych",IF((B15-0)<=0,"Natychmiastowy!",(B15-0)/B18)) | C22: (Wklad - Grunt) / Oszczednosci
A25: ROI (link dla arkusza Podsumowanie) | B25: =B22
